-- MySQL Script generated by MySQL Workbench
-- Tue Jan  7 10:37:18 2025
-- Model: New Model    Version: 1.0
-- MySQL Workbench Forward Engineering

SET @OLD_UNIQUE_CHECKS=@@UNIQUE_CHECKS, UNIQUE_CHECKS=0;
SET @OLD_FOREIGN_KEY_CHECKS=@@FOREIGN_KEY_CHECKS, FOREIGN_KEY_CHECKS=0;
SET @OLD_SQL_MODE=@@SQL_MODE, SQL_MODE='ONLY_FULL_GROUP_BY,STRICT_TRANS_TABLES,NO_ZERO_IN_DATE,NO_ZERO_DATE,ERROR_FOR_DIVISION_BY_ZERO,NO_ENGINE_SUBSTITUTION';

-- -----------------------------------------------------
-- Schema tieflingstavern
-- -----------------------------------------------------

-- -----------------------------------------------------
-- Schema tieflingstavern
-- -----------------------------------------------------
CREATE SCHEMA IF NOT EXISTS `tieflingstavern` DEFAULT CHARACTER SET utf8 ;
USE `tieflingstavern` ;

-- -----------------------------------------------------
-- Table `tieflingstavern`.`categories`
-- -----------------------------------------------------
CREATE TABLE IF NOT EXISTS `tieflingstavern`.`categories` (
  `category_id` INT NOT NULL AUTO_INCREMENT,
  `name` VARCHAR(65) NOT NULL,
  `subcategory` INT NULL,
  `parent_id` INT NULL,
  PRIMARY KEY (`category_id`),
  INDEX `parent_id_fk_idx` (`parent_id` ASC) VISIBLE,
  CONSTRAINT `parent_id_fk`
    FOREIGN KEY (`parent_id`)
    REFERENCES `tieflingstavern`.`categories` (`category_id`)
    ON DELETE NO ACTION
    ON UPDATE NO ACTION)
ENGINE = InnoDB
AUTO_INCREMENT = 5;


-- -----------------------------------------------------
-- Table `tieflingstavern`.`products`
-- -----------------------------------------------------
CREATE TABLE IF NOT EXISTS `tieflingstavern`.`products` (
  `product_id` INT NOT NULL AUTO_INCREMENT,
  `category_id` INT NOT NULL,
  `subcategory_id` INT NULL,
  `name` VARCHAR(65) NULL,
  `description` VARCHAR(255) NULL,
  `price` DECIMAL(5,2) NULL,
  `image` VARCHAR(65) NULL,
  `adults_only` INT NULL DEFAULT 0,
  PRIMARY KEY (`product_id`),
  INDEX `category_id_fk_idx` (`category_id` ASC) VISIBLE,
  INDEX `subcategory_id_fk_idx` (`subcategory_id` ASC) VISIBLE,
  CONSTRAINT `category_id_fk`
    FOREIGN KEY (`category_id`)
    REFERENCES `tieflingstavern`.`categories` (`category_id`)
    ON DELETE NO ACTION
    ON UPDATE NO ACTION,
  CONSTRAINT `subcategory_id_fk`
    FOREIGN KEY (`subcategory_id`)
    REFERENCES `tieflingstavern`.`categories` (`category_id`)
    ON DELETE NO ACTION
    ON UPDATE NO ACTION)
ENGINE = InnoDB;


-- -----------------------------------------------------
-- Table `tieflingstavern`.`offers`
-- -----------------------------------------------------
CREATE TABLE IF NOT EXISTS `tieflingstavern`.`offers` (
  `offer_id` INT NOT NULL AUTO_INCREMENT,
  `offer_name` VARCHAR(80) NOT NULL DEFAULT '',
  `is_percentage` INT NULL DEFAULT 0,
  `start_date` DATE NOT NULL,
  `ending_date` DATE NOT NULL,
  `offer_value` DECIMAL(5,2) NOT NULL,
  PRIMARY KEY (`offer_id`))
ENGINE = InnoDB;


-- -----------------------------------------------------
-- Table `tieflingstavern`.`offers_products`
-- -----------------------------------------------------
CREATE TABLE IF NOT EXISTS `tieflingstavern`.`offers_products` (
  `offer_id` INT NOT NULL,
  `product_id` INT NOT NULL,
  INDEX `fk_offers_has_products_products1_idx` (`product_id` ASC) VISIBLE,
  INDEX `fk_offers_has_products_offers1_idx` (`offer_id` ASC) VISIBLE,
  PRIMARY KEY (`offer_id`, `product_id`),
  CONSTRAINT `fk_offers_has_products_offers1`
    FOREIGN KEY (`offer_id`)
    REFERENCES `tieflingstavern`.`offers` (`offer_id`)
    ON DELETE NO ACTION
    ON UPDATE NO ACTION,
  CONSTRAINT `fk_offers_has_products_products1`
    FOREIGN KEY (`product_id`)
    REFERENCES `tieflingstavern`.`products` (`product_id`)
    ON DELETE NO ACTION
    ON UPDATE NO ACTION)
ENGINE = InnoDB;


-- -----------------------------------------------------
-- Table `tieflingstavern`.`users`
-- -----------------------------------------------------
CREATE TABLE IF NOT EXISTS `tieflingstavern`.`users` (
  `user_id` INT NOT NULL AUTO_INCREMENT,
  `role` ENUM('USER', 'ADMIN') NOT NULL DEFAULT 'USER',
  `email` VARCHAR(255) NOT NULL,
  `password` VARCHAR(255) NOT NULL,
  `first_name` VARCHAR(30) NOT NULL,
  `last_name` VARCHAR(65) NOT NULL,
  PRIMARY KEY (`user_id`))
ENGINE = InnoDB;


-- -----------------------------------------------------
-- Table `tieflingstavern`.`logs`
-- -----------------------------------------------------
CREATE TABLE IF NOT EXISTS `tieflingstavern`.`logs` (
  `log_id` INT NOT NULL AUTO_INCREMENT,
  `user_id` INT NOT NULL,
  `action` ENUM('CREATE', 'UPDATE', 'DELETE') NOT NULL,
  `type` ENUM('USER', 'PRODUCT', 'ORDER') NOT NULL,
  `id` INT NOT NULL,
  `timestamp` DATETIME NOT NULL DEFAULT CURRENT_TIMESTAMP,
  PRIMARY KEY (`log_id`),
  INDEX `fk_logs_users1_idx` (`user_id` ASC) VISIBLE,
  CONSTRAINT `fk_logs_users1`
    FOREIGN KEY (`user_id`)
    REFERENCES `tieflingstavern`.`users` (`user_id`)
    ON DELETE NO ACTION
    ON UPDATE NO ACTION)
ENGINE = InnoDB;


-- -----------------------------------------------------
-- Table `tieflingstavern`.`addresses`
-- -----------------------------------------------------
CREATE TABLE IF NOT EXISTS `tieflingstavern`.`addresses` (
  `address_id` INT NOT NULL AUTO_INCREMENT,
  `user_id` INT NOT NULL,
  `alias` VARCHAR(65) NULL,
  `city` VARCHAR(100) NOT NULL,
  `cp` VARCHAR(10) NOT NULL,
  `address` VARCHAR(255) NOT NULL,
  PRIMARY KEY (`address_id`),
  INDEX `fk_addresses_users1_idx` (`user_id` ASC) VISIBLE,
  CONSTRAINT `fk_addresses_users1`
    FOREIGN KEY (`user_id`)
    REFERENCES `tieflingstavern`.`users` (`user_id`)
    ON DELETE NO ACTION
    ON UPDATE NO ACTION)
ENGINE = InnoDB;


-- -----------------------------------------------------
-- Table `tieflingstavern`.`orders`
-- -----------------------------------------------------
CREATE TABLE IF NOT EXISTS `tieflingstavern`.`orders` (
  `order_id` INT NOT NULL AUTO_INCREMENT,
  `user_id` INT NOT NULL,
  `address_id` INT NULL,
  `date` DATETIME NULL DEFAULT CURRENT_TIMESTAMP,
  `status` ENUM('CANCELLED', 'PENDING', 'DELIVERED') NULL DEFAULT 'PENDING',
  PRIMARY KEY (`order_id`),
  INDEX `fk_orders_users1_idx` (`user_id` ASC) VISIBLE,
  INDEX `fk_orders_addresses1_idx` (`address_id` ASC) VISIBLE,
  CONSTRAINT `fk_orders_users1`
    FOREIGN KEY (`user_id`)
    REFERENCES `tieflingstavern`.`users` (`user_id`)
    ON DELETE NO ACTION
    ON UPDATE NO ACTION,
  CONSTRAINT `fk_orders_addresses1`
    FOREIGN KEY (`address_id`)
    REFERENCES `tieflingstavern`.`addresses` (`address_id`)
    ON DELETE NO ACTION
    ON UPDATE NO ACTION)
ENGINE = InnoDB;


-- -----------------------------------------------------
-- Table `tieflingstavern`.`orderlines`
-- -----------------------------------------------------
CREATE TABLE IF NOT EXISTS `tieflingstavern`.`orderlines` (
  `order_id` INT NOT NULL,
  `line_id` INT NOT NULL AUTO_INCREMENT,
  `product_id` INT NOT NULL,
  `quantity` INT NOT NULL,
  `unit_price` DECIMAL(5,2) NOT NULL,
  PRIMARY KEY (`line_id`, `order_id`, `product_id`),
  INDEX `fk_orderlines_orders1_idx` (`order_id` ASC) VISIBLE,
  INDEX `fk_orderlines_products1_idx` (`product_id` ASC) VISIBLE,
  CONSTRAINT `fk_orderlines_orders1`
    FOREIGN KEY (`order_id`)
    REFERENCES `tieflingstavern`.`orders` (`order_id`)
    ON DELETE NO ACTION
    ON UPDATE NO ACTION,
  CONSTRAINT `fk_orderlines_products1`
    FOREIGN KEY (`product_id`)
    REFERENCES `tieflingstavern`.`products` (`product_id`)
    ON DELETE NO ACTION
    ON UPDATE NO ACTION)
ENGINE = InnoDB;


SET SQL_MODE=@OLD_SQL_MODE;
SET FOREIGN_KEY_CHECKS=@OLD_FOREIGN_KEY_CHECKS;
SET UNIQUE_CHECKS=@OLD_UNIQUE_CHECKS;

-- -----------------------------------------------------
-- Data for table `tieflingstavern`.`categories`
-- -----------------------------------------------------
START TRANSACTION;
USE `tieflingstavern`;
INSERT INTO `tieflingstavern`.`categories` (`category_id`, `name`, `subcategory`, `parent_id`) VALUES (1, 'Raid Preparations', NULL, NULL);
INSERT INTO `tieflingstavern`.`categories` (`category_id`, `name`, `subcategory`, `parent_id`) VALUES (2, 'Tavernkeeper’s Sandwiches', NULL, NULL);
INSERT INTO `tieflingstavern`.`categories` (`category_id`, `name`, `subcategory`, `parent_id`) VALUES (3, 'Arcane Trickster’s Sweet Temptations', NULL, NULL);
INSERT INTO `tieflingstavern`.`categories` (`category_id`, `name`, `subcategory`, `parent_id`) VALUES (4, 'Alchemist’s Potions', NULL, NULL);
INSERT INTO `tieflingstavern`.`categories` (`category_id`, `name`, `subcategory`, `parent_id`) VALUES (5, 'Bard\'s Brioche Bread', 1, 2);
INSERT INTO `tieflingstavern`.`categories` (`category_id`, `name`, `subcategory`, `parent_id`) VALUES (6, 'Rogue\'s Crystal Bread', 1, 2);
INSERT INTO `tieflingstavern`.`categories` (`category_id`, `name`, `subcategory`, `parent_id`) VALUES (7, 'Sorcerer\'s Vienna Bread', 1, 2);
INSERT INTO `tieflingstavern`.`categories` (`category_id`, `name`, `subcategory`, `parent_id`) VALUES (8, 'Barbarian\'s Rustic Bread', 1, 2);
INSERT INTO `tieflingstavern`.`categories` (`category_id`, `name`, `subcategory`, `parent_id`) VALUES (9, 'Druid\'s Vegan Option', 1, 2);
INSERT INTO `tieflingstavern`.`categories` (`category_id`, `name`, `subcategory`, `parent_id`) VALUES (10, 'Adventure Saviours', 1, 4);
INSERT INTO `tieflingstavern`.`categories` (`category_id`, `name`, `subcategory`, `parent_id`) VALUES (11, 'Necrotic Concoctions', 1, 4);
INSERT INTO `tieflingstavern`.`categories` (`category_id`, `name`, `subcategory`, `parent_id`) VALUES (12, 'Infernal Beverages', 1, 4);
INSERT INTO `tieflingstavern`.`categories` (`category_id`, `name`, `subcategory`, `parent_id`) VALUES (13, 'Other Drinks', 1, 4);

COMMIT;


-- -----------------------------------------------------
-- Data for table `tieflingstavern`.`products`
-- -----------------------------------------------------
START TRANSACTION;
USE `tieflingstavern`;
INSERT INTO `tieflingstavern`.`products` (`product_id`, `category_id`, `subcategory_id`, `name`, `description`, `price`, `image`, `adults_only`) VALUES (1, 1, NULL, 'Abjuring Mage\'s Power Dice', 'An ancient recipe from the Wizards\' Guild, these potato cubes are enchanted with a garlic sauce that strengthens your culinary defenses. Each bite is a shield for your appetite.', 3.90, 'AbjuringMagesPowerDice', 0);
INSERT INTO `tieflingstavern`.`products` (`product_id`, `category_id`, `subcategory_id`, `name`, `description`, `price`, `image`, `adults_only`) VALUES (2, 1, NULL, 'Golden Dragon Treasure Potatoes', 'A dish worthy of the hoard of a golden dragon: golden potatoes bathed in melted cheese and garnished with pieces of ham and spices. Only the bravest adventurers can conquer this treasure.', 5.50, 'GoldenDragonTreasurePotatoes', 0);
INSERT INTO `tieflingstavern`.`products` (`product_id`, `category_id`, `subcategory_id`, `name`, `description`, `price`, `image`, `adults_only`) VALUES (3, 1, NULL, 'Elf Archer\'s Vegan Arrows', 'Forged by the greatest elven archer, these crispy arrows are prepared with vegan ingredients and a touch of herbal magic. They hit right to the heart of the flavor.', 5.50, 'ElfArchersVeganArrows', 0);
INSERT INTO `tieflingstavern`.`products` (`product_id`, `category_id`, `subcategory_id`, `name`, `description`, `price`, `image`, `adults_only`) VALUES (4, 1, NULL, 'Golden Rune Nachos', 'A culinary enigma that holds the magic of a golden rune. With melted cheeses and dipping sauces, each bite is a puzzle full of flavor.', 5.50, 'GoldenRuneNachos', 0);
INSERT INTO `tieflingstavern`.`products` (`product_id`, `category_id`, `subcategory_id`, `name`, `description`, `price`, `image`, `adults_only`) VALUES (5, 1, NULL, 'Frantic Barbarian Nachos', 'The favorite of barbarians after a good fight: nachos loaded with meat and melted cheeses that roar on your palate. Get ready for an explosion of frenetic flavors.', 8.90, 'FranticBarbarianNachos', 0);
INSERT INTO `tieflingstavern`.`products` (`product_id`, `category_id`, `subcategory_id`, `name`, `description`, `price`, `image`, `adults_only`) VALUES (6, 1, NULL, 'Crispy Griffin Strips with Draconic Sauce', 'Raised in the high peaks, these tap strips are crispy and juicy, accompanied by a barbecue sauce as powerful as draconic breath.', 5.90, 'CrispyGriffinStripsWithDraconicSauce', 0);
INSERT INTO `tieflingstavern`.`products` (`product_id`, `category_id`, `subcategory_id`, `name`, `description`, `price`, `image`, `adults_only`) VALUES (7, 2, 5, 'Ballad of the Red Knight', 'A hymn in honor of the deity of strategy and combat, this burger balances the intensity of goat cheese and the spiciness of tomato jam with the nobility of tender meat. Ideal for strategists in search of perfection in every bite.', 9.60, 'BalladOfTheRedKnight', 0);
INSERT INTO `tieflingstavern`.`products` (`product_id`, `category_id`, `subcategory_id`, `name`, `description`, `price`, `image`, `adults_only`) VALUES (8, 2, 5, 'Anthem of the People\'s Warrior', 'A tribute to the local hero, this sandwich combines the authenticity of peasant sausage with the strength of sauces loaded with flavor. Rustic and powerful, like the warrior who defends his people.', 8.10, 'AnthemOfThePeoplesWarrior', 0);
INSERT INTO `tieflingstavern`.`products` (`product_id`, `category_id`, `subcategory_id`, `name`, `description`, `price`, `image`, `adults_only`) VALUES (9, 2, 5, 'Epic of the Mountain Giant King', 'As colossal as the Mountains Giant King, this epic burger brings together layers of robust ingredients to create a monumental experience. A banquet fit for titans.', 14.10, 'EpicOfTheMountainGiantKing', 0);
INSERT INTO `tieflingstavern`.`products` (`product_id`, `category_id`, `subcategory_id`, `name`, `description`, `price`, `image`, `adults_only`) VALUES (10, 2, 6, 'Shadow of the Furtive Swordsman', 'Agile and lethal like a stealthy swordsman, this burger balances intense flavors with a touch of subtlety in every bite. The barbecue sauce and double the bacon add a surprise punch worthy of an attack from behind.', 9.90, 'ShadowOfTheFurtiveSwordsman', 0);
INSERT INTO `tieflingstavern`.`products` (`product_id`, `category_id`, `subcategory_id`, `name`, `description`, `price`, `image`, `adults_only`) VALUES (11, 2, 6, 'Trap Master\'s Deception', 'A dish that seems simple, but hides a symphony of complex flavors. Inspired by the intricate plans of a trap master, the sweetness of honey and mustard mixes with the intensity of goat cheese and the crunch of walnuts to trap you hopelessly.', 9.70, 'TrapMastersDeception', 0);
INSERT INTO `tieflingstavern`.`products` (`product_id`, `category_id`, `subcategory_id`, `name`, `description`, `price`, `image`, `adults_only`) VALUES (12, 2, 6, 'Crime Lord\'s Banquet', 'Excessive and opulent like the lifestyle of a crime lord. With three burgers, double bacon and a combination of cheeses that dominate the palate, this banquet is a decadent feast worthy of one who rules the shadows.', 19.90, 'CrimeLordsBanquet', 0);
INSERT INTO `tieflingstavern`.`products` (`product_id`, `category_id`, `subcategory_id`, `name`, `description`, `price`, `image`, `adults_only`) VALUES (13, 2, 7, 'Invocation of the Arcane Phoenix', 'A sandwich inspired by the legendary arcane phoenix, full of flavors that are reborn in every bite. The combination of barbecue and grilled cheese evokes the heat of eternal fire, while crispy bacon adds a touch of bold culinary magic.', 6.90, 'InvocationOfTheArcanePhoenix', 0);
INSERT INTO `tieflingstavern`.`products` (`product_id`, `category_id`, `subcategory_id`, `name`, `description`, `price`, `image`, `adults_only`) VALUES (14, 2, 7, 'Spell of the Eternal Roc', 'Like the mighty Roc that soars through the eternal skies, this sandwich combines lightness and power. Grilled chicken and crispy onion are elevated with the strength of wasabi and the freshness of cilantro, creating a flavor that will blow you away.', 6.90, 'SpellOfTheEternalRoc', 0);
INSERT INTO `tieflingstavern`.`products` (`product_id`, `category_id`, `subcategory_id`, `name`, `description`, `price`, `image`, `adults_only`) VALUES (15, 2, 7, 'Spell of the Sage of the Mountains', 'With the wisdom of a mountain sorcerer, this creation combines robust and elegant ingredients. Gorgonzola cheese and walnuts intertwine in a spell of flavors that only the most worthy will appreciate.', 6.90, 'SpellOfTheSageOfTheMountains', 0);
INSERT INTO `tieflingstavern`.`products` (`product_id`, `category_id`, `subcategory_id`, `name`, `description`, `price`, `image`, `adults_only`) VALUES (16, 2, 8, 'Fury of the Northern Warrior', 'A sandwich worthy of the most intrepid warriors of the cold north. The intense flavors of roasted peppers and sheep cheese combine with the strength of serrano ham, evoking the indomitable fury of barbarian combatants on the battlefield.', 7.70, 'FuryOfTheNorthernWarrior', 0);
INSERT INTO `tieflingstavern`.`products` (`product_id`, `category_id`, `subcategory_id`, `name`, `description`, `price`, `image`, `adults_only`) VALUES (17, 2, 8, 'Tribal Chief\'s Banquet', 'Only the most powerful leaders of barbarian tribes can enjoy such an opulent banquet. The combination of Havarti cheese and bacon, topped by a grilled egg, represents the strength and authority of an authentic tribal chief.', 7.10, 'TribalChiefsBanquet', 0);
INSERT INTO `tieflingstavern`.`products` (`product_id`, `category_id`, `subcategory_id`, `name`, `description`, `price`, `image`, `adults_only`) VALUES (18, 2, 8, 'Feast of the Brave Barbarian', 'A feast for the brave who are not afraid to face epic challenges. The rustic and generous ingredients of this sandwich celebrate the indomitable spirit and camaraderie of the barbarians in their most glorious victories.', 7.10, 'FeastOfTheBraveBarbarian', 0);
INSERT INTO `tieflingstavern`.`products` (`product_id`, `category_id`, `subcategory_id`, `name`, `description`, `price`, `image`, `adults_only`) VALUES (19, 2, 9, 'Sacred Grove Salad', 'A tribute to the sacred connection between druids and nature. This fresh and balanced salad evokes the serenity of a mystical grove, with flavors that emerge like a natural spell.', 9.90, 'SacredGroveSalad', 0);
INSERT INTO `tieflingstavern`.`products` (`product_id`, `category_id`, `subcategory_id`, `name`, `description`, `price`, `image`, `adults_only`) VALUES (20, 2, 9, 'Ancestral Forest Sandwich', 'The spirit of the ancient forests lives in every bite of this sandwich. With rich, earthy ingredients, it is a food worthy of the wise guardians who protect nature\'s oldest secrets.', 7.20, 'AncestralForestSandwich', 0);
INSERT INTO `tieflingstavern`.`products` (`product_id`, `category_id`, `subcategory_id`, `name`, `description`, `price`, `image`, `adults_only`) VALUES (21, 2, 9, 'Guardian Root Crystal', 'A delicacy created for the protectors of the earth. The crystal bread highlights the pure magic of the ingredients, while the vegan-flavored roots connect with the essence of balance and protection.', 10.50, 'GuardianRootCrystal', 0);
INSERT INTO `tieflingstavern`.`products` (`product_id`, `category_id`, `subcategory_id`, `name`, `description`, `price`, `image`, `adults_only`) VALUES (22, 3, NULL, 'Crimson Enchantment Cake', 'A culinary spell worthy of any arcanist. Its deep red color evokes the most powerful magic, while the softness of the cream cheese offers a perfect balance, like a successful incantation.', 4.50, 'CrimsonEnchantmentCake', 0);
INSERT INTO `tieflingstavern`.`products` (`product_id`, `category_id`, `subcategory_id`, `name`, `description`, `price`, `image`, `adults_only`) VALUES (23, 3, NULL, 'Golden Deception Cake', 'A seemingly simple delight, but with a flavor so rich that it defies expectations. Like a trick from the master of deception, this cake seduces the palate with its sweetness and unexpected complexity.', 4.50, 'GoldenDeceptionCake', 0);
INSERT INTO `tieflingstavern`.`products` (`product_id`, `category_id`, `subcategory_id`, `name`, `description`, `price`, `image`, `adults_only`) VALUES (24, 3, NULL, 'Sweet Shadow Waffles', 'A dessert inspired by the arts of tricksters. Each syrup choice is a different path in a labyrinth of sweetness, as if you were exploring the dark secrets of magical shadows.', 5.00, 'SweetShadowWaffles', 0);
INSERT INTO `tieflingstavern`.`products` (`product_id`, `category_id`, `subcategory_id`, `name`, `description`, `price`, `image`, `adults_only`) VALUES (25, 4, 10, 'Health Potion', 'Refreshing elixirs that revitalize body and mind. This sweet potion will have you feeling like your hit points have been restored to maximum, ready to take on any challenge.', 3.50, 'HealthPotion', 0);
INSERT INTO `tieflingstavern`.`products` (`product_id`, `category_id`, `subcategory_id`, `name`, `description`, `price`, `image`, `adults_only`) VALUES (26, 4, 10, 'Mana Potion', 'An acidic and energizing drink, ideal for restoring your magical reserve. Perfect for those times when you need a quick boost to cast your next spell.', 3.50, 'ManaPotion', 0);
INSERT INTO `tieflingstavern`.`products` (`product_id`, `category_id`, `subcategory_id`, `name`, `description`, `price`, `image`, `adults_only`) VALUES (27, 4, 10, 'Fireball in a Small Room', 'An explosion of fruity flavors that recalls the intensity of the famous spell. Sweet, powerful and capable of lighting up any meeting, but without leaving a trail of destruction in its wake.', 6.00, 'FireballInASmallRoom', 0);
INSERT INTO `tieflingstavern`.`products` (`product_id`, `category_id`, `subcategory_id`, `name`, `description`, `price`, `image`, `adults_only`) VALUES (28, 4, 11, 'Vecna\'s Shadow Elixir', 'Inspired by the Supreme Lich and master of necromancy, this dark elixir combines fruity and mysterious flavors, perfect for those looking for a toast loaded with arcane power and shadows.', 8.00, 'VecnasShadowElixir', 1);
INSERT INTO `tieflingstavern`.`products` (`product_id`, `category_id`, `subcategory_id`, `name`, `description`, `price`, `image`, `adults_only`) VALUES (29, 4, 11, 'Shadow of the Apocalypse', 'A cocktail that embodies the darkness of doomsday. Its mix of fruity and citrus tones offers a refreshing experience with a touch of danger.', 9.00, 'ShadowOfTheApocalypse', 1);
INSERT INTO `tieflingstavern`.`products` (`product_id`, `category_id`, `subcategory_id`, `name`, `description`, `price`, `image`, `adults_only`) VALUES (30, 4, 11, 'King\'s Fall Nectar', 'With a bold and royal mix, this drink symbolizes the decline of a powerful monarch. Its complex and effervescent nuances captivate the most intrepid palates.', 9.00, 'KingsFallNectar', 1);
INSERT INTO `tieflingstavern`.`products` (`product_id`, `category_id`, `subcategory_id`, `name`, `description`, `price`, `image`, `adults_only`) VALUES (31, 4, 12, 'Infernal Torment Cocktail', 'Like a journey to the heart of the Nine Hells, this drink is a tropical explosion with an intense and fiery undertone, worthy of a pact with an archdevil.', 8.00, 'InfernalTormentCocktail', 1);
INSERT INTO `tieflingstavern`.`products` (`product_id`, `category_id`, `subcategory_id`, `name`, `description`, `price`, `image`, `adults_only`) VALUES (32, 4, 12, 'Elixir of Succulent Sin', 'Balancing the earthly and the heavenly, this cocktail evokes the sweet allure of forbidden desires, perfect for a toast with a touch of mystery.', 8.50, 'ElixirOfSucculentSin', 1);
INSERT INTO `tieflingstavern`.`products` (`product_id`, `category_id`, `subcategory_id`, `name`, `description`, `price`, `image`, `adults_only`) VALUES (33, 4, 12, 'Abyssal Bloom Nectar', 'Like a flower that blooms in the abyss, this blend combines sweet and sour, illuminating the darkness with a bright touch of flavors.', 9.00, 'AbyssalBloomNectar', 1);
INSERT INTO `tieflingstavern`.`products` (`product_id`, `category_id`, `subcategory_id`, `name`, `description`, `price`, `image`, `adults_only`) VALUES (34, 4, 13, 'Estrella Galicia 1906', 'The classic 33cl can of Estrella Galicia. Alcoholic strength of 6.5%.', 3.50, 'EstrellaGalicia1906', 1);
INSERT INTO `tieflingstavern`.`products` (`product_id`, `category_id`, `subcategory_id`, `name`, `description`, `price`, `image`, `adults_only`) VALUES (35, 4, 13, 'Fürstenberg Lager', 'A 50 cl can of Fürstenberg Lager. It has an alcoholic strength of 4.9%.', 3.50, 'FurstenbergLager', 1);
INSERT INTO `tieflingstavern`.`products` (`product_id`, `category_id`, `subcategory_id`, `name`, `description`, `price`, `image`, `adults_only`) VALUES (36, 4, 13, 'Cider Maeloc', 'A 33cl can of sweet Maeloc Cider with an alcoholic strength of 4.1%.', 3.50, 'CiderMaeloc', 1);
INSERT INTO `tieflingstavern`.`products` (`product_id`, `category_id`, `subcategory_id`, `name`, `description`, `price`, `image`, `adults_only`) VALUES (37, 4, 13, 'Coca Cola Zero', 'A 33cl can of Coca Cola Zero.', 2.50, 'CocaColaZero', 0);
INSERT INTO `tieflingstavern`.`products` (`product_id`, `category_id`, `subcategory_id`, `name`, `description`, `price`, `image`, `adults_only`) VALUES (38, 4, 13, 'Orange Fanta', 'A 33cl can of Orange Fanta.', 2.50, 'OrangeFanta', 0);
INSERT INTO `tieflingstavern`.`products` (`product_id`, `category_id`, `subcategory_id`, `name`, `description`, `price`, `image`, `adults_only`) VALUES (39, 4, 13, 'Lemon Fanta', 'A 33cl can of Lemon Fanta.', 2.50, 'LemonFanta', 0);
INSERT INTO `tieflingstavern`.`products` (`product_id`, `category_id`, `subcategory_id`, `name`, `description`, `price`, `image`, `adults_only`) VALUES (40, 4, 13, 'Nestea', 'A 33cl can of Nestea.', 2.50, 'Nestea', 0);
INSERT INTO `tieflingstavern`.`products` (`product_id`, `category_id`, `subcategory_id`, `name`, `description`, `price`, `image`, `adults_only`) VALUES (41, 4, 13, 'Sprite', 'A 33cl can of Sprite.', 2.50, 'Sprite', 0);
INSERT INTO `tieflingstavern`.`products` (`product_id`, `category_id`, `subcategory_id`, `name`, `description`, `price`, `image`, `adults_only`) VALUES (42, 4, 13, 'Water', 'A 50cl plastic bottle of Solan de Cabras water.', 1.50, 'Water', 0);

COMMIT;


-- -----------------------------------------------------
-- Data for table `tieflingstavern`.`offers`
-- -----------------------------------------------------
START TRANSACTION;
USE `tieflingstavern`;
INSERT INTO `tieflingstavern`.`offers` (`offer_id`, `offer_name`, `is_percentage`, `start_date`, `ending_date`, `offer_value`) VALUES (DEFAULT, 'Opening Offer', 1, '2025-01-02', '2025-01-14', 25);

COMMIT;


-- -----------------------------------------------------
-- Data for table `tieflingstavern`.`offers_products`
-- -----------------------------------------------------
START TRANSACTION;
USE `tieflingstavern`;
INSERT INTO `tieflingstavern`.`offers_products` (`offer_id`, `product_id`) VALUES (1, 7);
INSERT INTO `tieflingstavern`.`offers_products` (`offer_id`, `product_id`) VALUES (1, 8);
INSERT INTO `tieflingstavern`.`offers_products` (`offer_id`, `product_id`) VALUES (1, 9);
INSERT INTO `tieflingstavern`.`offers_products` (`offer_id`, `product_id`) VALUES (1, 10);
INSERT INTO `tieflingstavern`.`offers_products` (`offer_id`, `product_id`) VALUES (1, 11);
INSERT INTO `tieflingstavern`.`offers_products` (`offer_id`, `product_id`) VALUES (1, 12);
INSERT INTO `tieflingstavern`.`offers_products` (`offer_id`, `product_id`) VALUES (1, 13);
INSERT INTO `tieflingstavern`.`offers_products` (`offer_id`, `product_id`) VALUES (1, 14);
INSERT INTO `tieflingstavern`.`offers_products` (`offer_id`, `product_id`) VALUES (1, 15);
INSERT INTO `tieflingstavern`.`offers_products` (`offer_id`, `product_id`) VALUES (1, 16);
INSERT INTO `tieflingstavern`.`offers_products` (`offer_id`, `product_id`) VALUES (1, 17);
INSERT INTO `tieflingstavern`.`offers_products` (`offer_id`, `product_id`) VALUES (1, 18);
INSERT INTO `tieflingstavern`.`offers_products` (`offer_id`, `product_id`) VALUES (1, 19);
INSERT INTO `tieflingstavern`.`offers_products` (`offer_id`, `product_id`) VALUES (1, 20);
INSERT INTO `tieflingstavern`.`offers_products` (`offer_id`, `product_id`) VALUES (1, 21);

COMMIT;


-- -----------------------------------------------------
-- Data for table `tieflingstavern`.`users`
-- -----------------------------------------------------
START TRANSACTION;
USE `tieflingstavern`;
INSERT INTO `tieflingstavern`.`users` (`user_id`, `role`, `email`, `password`, `first_name`, `last_name`) VALUES (1, 'ADMIN', 'admin@tieflingstavern.com', '$2y$10$Qq3vSiBKGHxBX6aB8C2Ayu/a6QlEedRKDIU6R9UZstLtJue7fvVLe', 'Tavern', 'Administrator');

COMMIT;

